,overall,buildings,mobility,power_industry,other_industries
canada,-0.47056609184770615,-0.7743359688466283,-0.17139469272293092,-0.9377167914225079,-0.7101149182270949
china,-0.1273885619748819,0.7135359029599821,-0.8258699168323202,0.12167665142062312,-0.6794882270168658
japan,-0.5337200614780173,-0.0240912462627508,-0.7219316360388415,-0.3841007869873446,-0.52902738013173
russia,0.039282405645853,-0.7273202195677353,0.20540839941018518,0.06316996787104712,-0.8147820837284038
brazil,-0.24114319170112603,-0.00020719217531118758,-0.2964925837913882,0.12715872076130189,-0.334837428118095
india,-0.020567172702162455,-0.6905482125241643,-0.2899070840289282,0.10277022139909786,0.005986940355853898
unitedStates,-0.531719673332324,0.2750877363335922,-0.3488517419609042,-0.7480551953391481,-0.7593929746745665
EU,-0.6198738258162122,-0.8030724693825737,-0.5786566412843942,-0.6150489872460252,-0.7049307998940613
