,Brazil,Canada,European Union,India,Japan,Russia,United States,China
0,0.9815406593406593,1.0054379120879124,1.0570795837953941,1.129256043956044,1.0968065934065934,1.0620516483516484,1.0261543956043955,1.0
1,1.0374197044334976,1.0259810344827585,1.1371907303063702,1.2009044334975367,1.186047536945813,1.101992118226601,1.0707889162561575,0.7336426490234047
2,0.7163852534562218,0.7370428571428569,0.6820341905636648,0.8287368663594468,1.150509677419355,1.039999078341014,0.7991082949308752,0.32154212459089926
3,0.351108571428572,0.35064309523809495,0.3076130039068771,0.1805380952380948,0.753843333333333,0.5789533333333334,0.41780785714285706,0.5569910251336155
4,0.4148149769585258,0.5412327188940088,0.5205360238615762,0.3157990783410133,0.7180548387096776,0.7788184331797237,0.6096811059907836,0.9131722919114796
5,0.49798500000000046,0.7129792857142854,0.764484018591582,0.4786357142857138,0.9246657142857144,1.0503671428571426,0.7682285714285718,1.0
