,United States,China,Russia,India,Brazil,Canada,Japan,EU
0,0.7998192577692518,1.0483632321361582,1.0483632321361582,1.0483632321361582,1.0483632321361582,0.7998192577692518,1.0483632321361582,0.9956007143375538
1,0.6883680191936857,0.990041327333178,0.990041327333178,0.990041327333178,0.990041327333178,0.6883680191936857,0.990041327333178,1.0020091858216316
2,0.7686490289144593,0.8346630955195943,0.8346630955195943,0.8346630955195943,0.8346630955195943,0.7686490289144593,0.8346630955195943,0.975151364158554
3,0.7526357208053106,0.4709089977523806,0.4709089977523806,0.4709089977523806,0.4709089977523806,0.7526357208053106,0.4709089977523806,0.960500604362231
4,0.7211855347965824,0.2594007076812748,0.2594007076812748,0.2594007076812748,0.2594007076812748,0.7211855347965824,0.2594007076812748,0.928424216648889
5,0.71052636392854,0.41008071092239085,0.41008071092239085,0.41008071092239085,0.41008071092239085,0.71052636392854,0.41008071092239085,0.9605329302858173
6,0.638381071092531,0.5810291590065316,0.5810291590065316,0.5810291590065316,0.5810291590065316,0.638381071092531,0.5810291590065316,0.9428167646757318
