,overall,buildings,mobility,power_industry,other_industries
canada,-0.6,-0.6,-0.6,-0.9999999999999999,-0.9999999999999999
china,-0.19999999999999998,0.7,-0.8999999999999998,0.09999999999999999,-0.39999999999999997
japan,-0.8999999999999998,0.6,-0.9999999999999999,-0.7999999999999999,-0.7
russia,-0.09999999999999999,-0.8999999999999998,-0.09999999999999999,-0.09999999999999999,-0.7999999999999999
brazil,-0.6,0.3,-0.6,-0.3,-0.7
india,-0.49999999999999994,-0.8999999999999998,-0.49999999999999994,-0.09999999999999999,-0.49999999999999994
unitedStates,-0.7142857142857143,-0.028571428571428574,-0.7142857142857143,-0.4285714285714286,-0.942857142857143
EU,-0.5428571428571429,-0.8285714285714287,-0.5428571428571429,-0.7142857142857143,-0.7142857142857143
